product_id,position,type_visuel,output_file,taille_réelle,statut
"1005012304431034","5","Infographie bénéfice","images-generees/1005012304431034/05-infographie-benefice.png","2048x2048","regénérée"
"1005012304431034","2","Mise en situation","images-generees/1005012304431034/02-mise-en-situation.png","2048x2048","regénérée"
"1005005652496986","1","Packshot studio","images-generees/1005005652496986/01-packshot-studio.png","2048x2048","regénérée"
"1005005652496986","2","Mise en situation","images-generees/1005005652496986/02-mise-en-situation.png","2048x2048","regénérée"
"1005005652496986","3","Détail macro","images-generees/1005005652496986/03-detail-macro.png","2048x2048","regénérée"
"1005005652496986","4","Lifestyle contexte","images-generees/1005005652496986/04-lifestyle-contexte.png","2048x2048","regénérée"
"1005008768999224","3","Détail macro","images-generees/1005008768999224/03-detail-macro.png","2048x2048","regénérée"
"1005008768999224","4","Lifestyle contexte","images-generees/1005008768999224/04-lifestyle-contexte.png","2048x2048","regénérée"
"1005009661849903","1","Packshot studio","images-generees/1005009661849903/01-packshot-studio.png","2048x2048","regénérée"
"1005008768999224","1","Packshot studio","images-generees/1005008768999224/01-packshot-studio.png","2048x2048","regénérée"
"1005009661849903","2","Mise en situation","images-generees/1005009661849903/02-mise-en-situation.png","2048x2048","regénérée"
"1005008768999224","2","Mise en situation","images-generees/1005008768999224/02-mise-en-situation.png","2048x2048","regénérée"
"1005006982242864","1","Packshot studio","images-generees/1005006982242864/01-packshot-studio.png","2048x2048","regénérée"
"1005006982242864","2","Mise en situation","images-generees/1005006982242864/02-mise-en-situation.png","2048x2048","regénérée"
"1005006982242864","5","Infographie bénéfice","images-generees/1005006982242864/05-infographie-benefice.png","2048x2048","regénérée"
"1005007476627621","1","Packshot studio","images-generees/1005007476627621/01-packshot-studio.png","2048x2048","regénérée"
"1005009661849903","4","Lifestyle contexte","images-generees/1005009661849903/04-lifestyle-contexte.png","2048x2048","regénérée"
"1005007476627621","4","Lifestyle contexte","images-generees/1005007476627621/04-lifestyle-contexte.png","2048x2048","regénérée"
"1005007476627621","5","Infographie bénéfice","images-generees/1005007476627621/05-infographie-benefice.png","2048x2048","regénérée"
"1005012014156043","1","Packshot studio","images-generees/1005012014156043/01-packshot-studio.png","2048x2048","regénérée"
"1005012014156043","2","Mise en situation","images-generees/1005012014156043/02-mise-en-situation.png","2048x2048","regénérée"
"1005012014156043","3","Détail macro","images-generees/1005012014156043/03-detail-macro.png","2048x2048","regénérée"
"1005012014156043","4","Lifestyle contexte","images-generees/1005012014156043/04-lifestyle-contexte.png","2048x2048","regénérée"
"1005008848496706","1","Packshot studio","images-generees/1005008848496706/01-packshot-studio.png","2048x2048","regénérée"
"1005008295498961","5","Infographie bénéfice","images-generees/1005008295498961/05-infographie-benefice.png","2048x2048","regénérée"
"1005006995593983","5","Infographie bénéfice","images-generees/1005006995593983/05-infographie-benefice.png","2048x2048","regénérée"
"1005008660249482","2","Mise en situation","images-generees/1005008660249482/02-mise-en-situation.png","2048x2048","regénérée"
"1005008660249482","4","Lifestyle contexte","images-generees/1005008660249482/04-lifestyle-contexte.png","2048x2048","regénérée"
"1005008660249482","5","Infographie bénéfice","images-generees/1005008660249482/05-infographie-benefice.png","2048x2048","regénérée"
"1005008295498961","1","Packshot studio","images-generees/1005008295498961/01-packshot-studio.png","2048x2048","regénérée"
"1005007117128363","2","Mise en situation","images-generees/1005007117128363/02-mise-en-situation.png","2048x2048","regénérée"
"1005005956268410","2","Mise en situation","images-generees/1005005956268410/02-mise-en-situation.png","2048x2048","regénérée"
"1005009916306044","1","Packshot studio","images-generees/1005009916306044/01-packshot-studio.png","2048x2048","regénérée"
"1005009916306044","2","Mise en situation","images-generees/1005009916306044/02-mise-en-situation.png","2048x2048","regénérée"
"1005007117128363","1","Packshot studio","images-generees/1005007117128363/01-packshot-studio.png","2048x2048","regénérée"
"1005009916306044","3","Détail macro","images-generees/1005009916306044/03-detail-macro.png","2048x2048","regénérée"
"1005007540052398","1","Packshot studio","images-generees/1005007540052398/01-packshot-studio.png","2048x2048","regénérée"
"1005007540052398","2","Mise en situation","images-generees/1005007540052398/02-mise-en-situation.png","2048x2048","regénérée"
"1005007540052398","3","Détail macro","images-generees/1005007540052398/03-detail-macro.png","2048x2048","regénérée"
"1005007540052398","4","Lifestyle contexte","images-generees/1005007540052398/04-lifestyle-contexte.png","2048x2048","regénérée"
"1005007540052398","5","Infographie bénéfice","images-generees/1005007540052398/05-infographie-benefice.png","2048x2048","regénérée"
"1005001541608902","1","Packshot studio","images-generees/1005001541608902/01-packshot-studio.png","2048x2048","regénérée"
"1005001541608902","2","Mise en situation","images-generees/1005001541608902/02-mise-en-situation.png","2048x2048","regénérée"
"1005001541608902","3","Détail macro","images-generees/1005001541608902/03-detail-macro.png","2048x2048","regénérée"
"1005001541608902","4","Lifestyle contexte","images-generees/1005001541608902/04-lifestyle-contexte.png","2048x2048","regénérée"
"1005001541608902","5","Infographie bénéfice","images-generees/1005001541608902/05-infographie-benefice.png","2048x2048","regénérée"
"1005008632801588","1","Packshot studio","images-generees/1005008632801588/01-packshot-studio.png","2048x2048","regénérée"
"1005008632801588","2","Mise en situation","images-generees/1005008632801588/02-mise-en-situation.png","2048x2048","regénérée"
"1005008632801588","4","Lifestyle contexte","images-generees/1005008632801588/04-lifestyle-contexte.png","2048x2048","regénérée"
"1005008632801588","5","Infographie bénéfice","images-generees/1005008632801588/05-infographie-benefice.png","2048x2048","regénérée"
"1005008632801588","3","Détail macro","images-generees/1005008632801588/03-detail-macro.png","2048x2048","regénérée"
"1005008766211192","1","Packshot studio","images-generees/1005008766211192/01-packshot-studio.png","2048x2048","regénérée"
"1005008766211192","2","Mise en situation","images-generees/1005008766211192/02-mise-en-situation.png","2048x2048","regénérée"
"1005008766211192","3","Détail macro","images-generees/1005008766211192/03-detail-macro.png","2048x2048","regénérée"
"1005008766211192","5","Infographie bénéfice","images-generees/1005008766211192/05-infographie-benefice.png","2048x2048","regénérée"
"1005009060835350","1","Packshot studio","images-generees/1005009060835350/01-packshot-studio.png","2048x2048","regénérée"
"1005009060835350","2","Mise en situation","images-generees/1005009060835350/02-mise-en-situation.png","2048x2048","regénérée"
"1005009060835350","3","Détail macro","images-generees/1005009060835350/03-detail-macro.png","2048x2048","regénérée"
"1005009060835350","4","Lifestyle contexte","images-generees/1005009060835350/04-lifestyle-contexte.png","2048x2048","regénérée"
"1005008766211192","4","Lifestyle contexte","images-generees/1005008766211192/04-lifestyle-contexte.png","2048x2048","regénérée"
"1005009060835350","5","Infographie bénéfice","images-generees/1005009060835350/05-infographie-benefice.png","2048x2048","regénérée"
