produit	plateforme(s)	categorie	prix marche EUR	competitors_type	sells_in_search	sells_in_shopping	legal_eu	defendabilite niche	distinct_sources	score broyeur	decision	rejete par (hard filter)	flags	raison de rejet	angle/notes
Vitrine cabinet de curiosites laiton et verre	pinterest_trends	home_furniture	780	dropshippers_mixed	true	true	true	yes	1	66	review		margin_ratio_missing	margin_ratio_missing	Mettre en scene collections et objets personnels. Pinterest curating/not copying + Neo Deco; prix marche vitrines laiton/verre 600-1200 EUR. Source: https://newsroom.pinterest.com/en-gb/news/pinterest-predicts-nonconformity-self-preservation-and-escapism-drive-21-trends-for-2026/
Bar cart laiton et verre style antique	pinterest_trends	home_furniture	430	dropshippers_weak_sites	true	true	true	partial	1	63	review		margin_ratio_missing	margin_ratio_missing	Recevoir avec un coin cocktail mobile et decoratif. Pinterest Neo Deco: antique bar cart +100%, brass aesthetic +35%. Prix marche bars roulants 300-700 EUR. Source: https://newsroom.pinterest.com/en-gb/news/pinterest-predicts-nonconformity-self-preservation-and-escapism-drive-21-trends-for-2026/
Panneaux muraux opalescents holographiques Extra Celestial	pinterest_trends	home_decoration	260	dropshippers_weak_sites	true	true	true	yes	1	62	review		margin_ratio_missing	margin_ratio_missing	Accent mural futuriste pour chambre, studio ou vitrine. Pinterest Extra Celestial: alien core +80%, opalescent +115%. Prix marche panneaux/decors muraux 200-500 EUR. Source: https://newsroom.pinterest.com/en-gb/news/pinterest-predicts-nonconformity-self-preservation-and-escapism-drive-21-trends-for-2026/
Paravent decoratif a arches et rayures circuscore	pinterest_trends	home_decoration	360	dropshippers_weak_sites	true	true	true	yes	1	62	review		margin_ratio_missing	margin_ratio_missing	Ajouter un decor audacieux sans repeindre toute la piece. Pinterest Predicts 2026 FunHaus: circus interior +130%, striped ceiling +40%. Prix marche paravents design 250-600 EUR. Source: https://newsroom.pinterest.com/en-gb/news/pinterest-predicts-nonconformity-self-preservation-and-escapism-drive-21-trends-for-2026/
Tapisserie murale Adire Afrohemian grand format	pinterest_trends	home_decoration	280	dropshippers_weak_sites	true	true	true	yes	1	62	review		margin_ratio_missing	margin_ratio_missing	Mur de caractere textile, culturel et chaleureux. Pinterest Afrohemian Decor: afrobohemian home decor +220%, adire fabric +130%, ethiopian art +50%. Prix marche tentures grand format 200-450 EUR. Source: https://newsroom.pinterest.com/en-gb/news/pinterest-predicts-nonconformity-self-preservation-and-escapism-drive-21-trends-for-2026/
Tableau mural fine art grand format personnalisable	flippa	wall_art	350	dropshippers_weak_sites	true	true	true	partial	1	61	review		margin_ratio_missing	margin_ratio_missing	Piece deco emotionnelle grand format avec personnalisation. Flippa signale home decor/fine art eCommerce 50k$ revenue et 64% profit margin; prix marche grands formats 250-600 EUR. Source: https://flippa.com/buy/categories/home-and-garden
Cloison acoustique mobile design pour bureau maison	flippa	home_acoustics	520	few_or_none	true	true	true	yes	1	60	review		margin_ratio_missing	margin_ratio_missing	Separer et calmer un espace teletravail sans travaux. Derive du signal Flippa home/garden et demande home office; prix marche cloisons acoustiques 400-900 EUR. Source: https://flippa.com/buy/categories/home-and-garden
Niche chien isolee XXL design quatre saisons	flippa	pet	480	dropshippers_mixed	true	true	true	partial	1	60	review		margin_ratio_missing	margin_ratio_missing	Offrir un vrai abri isolant aux grands chiens dehors. Flippa categorie Pets + Home/Garden; prix marche niches isolees XXL 350-800 EUR. Source: https://flippa.com/buy/categories/home-and-garden/pets
Banc exterieur beton bois design pour terrasse	europages	outdoor_furniture	720	few_or_none	true	true	true	yes	1	59	review		margin_ratio_missing	margin_ratio_missing	Mobilier exterieur durable style parc/hotel. Signal Europages mobilier urbain Crouzoulon; prix marche banc design 600-1200 EUR. Source: https://www.europages.fr/entreprises/france/fabricant%20producteur/mobilier-urbain.html
Escalier meunier gain de place bois et metal	cdiscount	space_saving_home	690	few_or_none	true	true	true	yes	1	59	review		margin_ratio_missing	margin_ratio_missing	Acceder a mezzanine/combles dans une petite surface. Signal Cdiscount bricolage/menuiserie; prix marche escaliers gain de place 550-1200 EUR. Source: https://www.cdiscount.com/bricolage/menuiserie/
Groupe de recuperation fluides frigorigenes HVAC 1 HP	vevor	hvac_tools	650	few_or_none	true	true	true	yes	1	59	review		margin_ratio_missing	margin_ratio_missing	Outillage CVC portable pour artisans clim/froid. VEVOR liste groupe recuperation 419,99 EUR; marche pro 500-1000 EUR. Source: https://www.vevor.fr/s/groupe-electrogene
Jardiniere acier corten XXL modulable	europages	garden_planter	650	few_or_none	true	true	true	yes	1	59	review		margin_ratio_missing	margin_ratio_missing	Terrasse paysagee premium sans travaux lourds. Signal Europages acier corten; prix marche jardiniere XXL 450-1000 EUR. Source: https://www.europages.fr/entreprises/acier-corten.html
Composteur electrique de cuisine 3 a 5 L anti-odeur	amazon_movers	kitchen_waste_equipment	430	dropshippers_mixed	true	true	true	partial	1	57	review		margin_ratio_missing	margin_ratio_missing	Reduire les biodechets en appartement sans odeurs. Signal Amazon Cuisine/Maison; prix marche composteurs electriques 350-650 EUR. Source: https://www.amazon.fr/gp/movers-and-shakers/kitchen
Fauteuil accent rattan Afrohemian	pinterest_trends	home_furniture	480	dropshippers_mixed	true	true	true	partial	1	57	review		margin_ratio_missing	margin_ratio_missing	Salon boheme africain avec piece assise naturelle. Pinterest Afrohemian Decor: rattan accent chair +50%, bamboo beaded curtains +60%. Prix marche fauteuils accent 350-700 EUR. Source: https://newsroom.pinterest.com/en-gb/news/pinterest-predicts-nonconformity-self-preservation-and-escapism-drive-21-trends-for-2026/
Rideaux velours theatre et kit draperie plafond	pinterest_trends	event_home_decor	450	dropshippers_mixed	true	true	true	partial	1	57	review		margin_ratio_missing	margin_ratio_missing	Transformer salon ou evenement en decor opera. Pinterest Opera Aesthetic: wedding ceiling draping +40%, masquerade decor +40%. Prix marche kits velours/draping 300-800 EUR. Source: https://newsroom.pinterest.com/en-gb/news/pinterest-predicts-nonconformity-self-preservation-and-escapism-drive-21-trends-for-2026/
Panneaux acoustiques tasseaux bois pour mur complet	amazon_movers	home_acoustics	320	dropshippers_mixed	true	true	true	partial	2	56	review		margin_ratio_missing	margin_ratio_missing	Rendre un salon ou bureau plus calme et plus premium. Signal Amazon deco/renovation + tendance interieur; prix marche lots muraux 250-600 EUR. Sources: https://www.amazon.fr/gp/movers-and-shakers/hi | https://business.pinterest.com/en-gb/pinterest-predicts/
Fontaine de jardin murale pierre reconstituee	flippa	garden_water_feature	390	dropshippers_mixed	true	true	true	partial	1	55	review		margin_ratio_missing	margin_ratio_missing	Créer une terrasse mediterraneenne sans gros chantier. Flippa home/garden + tendance jardins decoratifs; prix marche fontaines murales 300-700 EUR. Sources: https://flippa.com/buy/categories/home-and-garden | https://www.countryliving.com/gardening/garden-ideas/a70160525/garden-trends-2026/
Garde-corps aluminium ou inox en kit pour terrasse	europages	home_renovation	820	semi_brands	true	true	true	partial	2	55	review		margin_ratio_missing	margin_ratio_missing	Securiser une terrasse sans passer par un devis artisan opaque. Signal Europages + Cdiscount bricolage; prix marche kits 600-1200 EUR selon metres. Sources: https://www.europages.fr/entreprises/france/fabricant%20producteur/mobilier-urbain.html | https://www.cdiscount.com/bricolage
Plaque vibrante compacteur thermique 15 kN	vevor	construction_tools	650	few_or_none	true	true	true	partial	1	55	review		margin_ratio_missing	margin_ratio_missing	Realiser terrasse, allee et pavage sans louer a chaque week-end. VEVOR liste 453,90 EUR; marche FR compacteurs 600-1000 EUR. Source: https://www.vevor.fr/s/plaque-vibrante-compacteur
Abri poubelle design metal double ou triple	europages	outdoor_storage	580	few_or_none	true	true	true	yes	1	54	reject		margin_ratio_missing	margin_ratio_missing	Cacher les bacs et rendre l'entree maison plus propre. Signal Europages METASTAL/FranceAbris; prix marche 450-900 EUR. Sources: https://www.europages.fr/METASTAL/00000005411559-747166001.html | https://www.europages.fr/entreprises/france/fabricant%20producteur/boite-metallique.html
Auvent marquise aluminium polycarbonate 6 m	cdiscount	home_exterior	450	dropshippers_mixed	true	true	true	partial	1	54	reject		margin_ratio_missing	margin_ratio_missing	Proteger entree ou terrasse de la pluie sans gros travaux. Signal Cdiscount abris/annexes et stores; prix marche grandes marquises 350-700 EUR. Source: https://www.cdiscount.com/jardin/abris-annexes-rangement/
Camera d'inspection canalisation 30 m avec ecran	vevor	plumbing_tools	420	dropshippers_mixed	true	true	true	partial	1	54	reject		margin_ratio_missing	margin_ratio_missing	Diagnostiquer une canalisation avant intervention couteuse. Signal VEVOR plomberie/camera egout; prix marche 300-700 EUR. Source: https://www.vevor.fr/s/v%C3%A9vor
Coffre-fort biometrique 60 L anti-effraction	cdiscount	home_safety	534	dropshippers_mixed	true	true	true	partial	1	54	reject		margin_ratio_missing	margin_ratio_missing	Proteger papiers et objets de valeur sans coffre bancaire. Cdiscount NIKCORP 58x40x33 cm a 533,99 EUR; variantes biometrie 189-534 EUR. Sources: https://www.cdiscount.com/bricolage/securite-domotique/coffre-fort-biomtrique/f-1662007-aacbi26593.html | https://www.cdiscount.com/bricolage/r-coffre%2Bfort%2Bempreinte%2Bdigitale.html
Coupe-carreaux electrique sur table avec eau	vevor	tile_tools	520	dropshippers_mixed	true	true	true	partial	1	54	reject		margin_ratio_missing	margin_ratio_missing	Couper proprement carrelage grand format sans louer une scie. Signal VEVOR revetements de sol/coupe-carreaux; prix marche 350-700 EUR. Source: https://www.vevor.fr/s/v%C3%A9vor
Presse a chaud textile 40 x 50 cm auto-open	vevor	craft_business_equipment	480	dropshippers_mixed	true	true	true	partial	1	54	reject		margin_ratio_missing	margin_ratio_missing	Lancer micro-atelier textile sans machine industrielle. Signal VEVOR machines creation; prix marche presses 40x50 350-700 EUR. Source: https://www.vevor.fr/s/v%C3%A9vor
Recuperateur eau de pluie mural design 800 L	europages	water_saving_garden	520	dropshippers_mixed	true	true	true	partial	1	54	reject		margin_ratio_missing	margin_ratio_missing	Arroser le jardin en ete sans cuve moche. Signal fournisseurs jardin/amenagement Europages; prix marche cuves design 400-800 EUR. Source: https://www.europages.fr/entreprises/jardinage.html
Scelleuse sous vide a chambre 320 mm	vevor	commercial_kitchen_equipment	450	dropshippers_mixed	true	true	true	partial	1	54	reject		margin_ratio_missing	margin_ratio_missing	Conservation pro pour traiteurs, chasseurs et familles batch cooking. VEVOR a 242,90-320 EUR selon modele; marche FR chambre 350-700 EUR. Sources: https://www.vevor.fr/machines-d-emballage-sous-vide-c_10467/vevor-machine-a-emballer-sous-vide-a-chambre-260-w-machine-d-emballage-sous-vide-taille-compacte-260-mm-dans-la-cuisine-domestique-et-pour-un-usage-commercial-pour-aliments-humides-viandes-marinades-p_010395199420 | https://www.vevor.fr/machines-d-emballage-sous-vide-c_10467/vevor-machine-a-emballer-sous-vide-a-chambre-320-w-machine-d-emballage-sous-vide-taille-compacte-320-mm-dans-la-cuisine-domestique-et-pour-un-usage-commercial-pour-aliments-humides-viandes-marinades-p_010249426550
Station electrique portable LiFePO4 1024 Wh	amazon_movers	portable_power	799	semi_brands	true	true	true	partial	1	54	reject		margin_ratio_missing	margin_ratio_missing	Autonomie camping/travaux/coupure sans groupe electrogene. Signal Amazon et presse shopping sur EcoFlow/Bluetti; prix marche 499-999 EUR. Sources: https://www.amazon.fr/station-energie-portative/s?k=station+energie+portative | https://www.lesnumeriques.com/divers-electromenager/amazon-flash-prime-la-station-electrique-portable-ecoflow-delta-2-passe-sous-les-500-n243596.html
Tapis laine tufte XXL motif geometrique Neo Deco	pinterest_trends	home_decoration	650	semi_brands	true	true	true	partial	1	54	reject		margin_ratio_missing	margin_ratio_missing	Piece forte art deco pour salon sans changer les meubles. Pinterest Neo Deco: chevrons, chrome/laiton, retour art deco. Prix marche tapis laine XXL 500-1000 EUR. Source: https://newsroom.pinterest.com/en-gb/news/pinterest-predicts-nonconformity-self-preservation-and-escapism-drive-21-trends-for-2026/
Abri velo securise metal 4 a 6 velos	europages	outdoor_storage	950	few_or_none	true	true	true	yes	1	52	reject		margin_ratio_missing	margin_ratio_missing	Proteger les velos electriques sans construire un garage. Signal Europages France Abris; prix marche abris velos securises 700-1400 EUR. Sources: https://www.europages.fr/entreprises/abris%20pour%20v%C3%A9los.html | https://www.europages.fr/entreprises/fabrication-de-velos.html
Porte de garage sectionnelle motorisee 254 x 218 cm	cdiscount	home_renovation	924	dropshippers_mixed	true	true	true	partial	1	52	reject		margin_ratio_missing	margin_ratio_missing	Remplacer une porte de garage vieillissante sans devis opaque. Cdiscount NORIA motorisee a 923,99 EUR; marche kit 850-1500 EUR. Sources: https://www.cdiscount.com/bricolage/r-porte%2Bde%2Bgarage%2Bbasculante%2Bmanuelle.html | https://www.cdiscount.com/bricolage/r-porte%2Bde%2Bgarage%2Bbattante.html
Projecteur LED chantier telescopique sur batterie	amazon_movers	workshop_lighting	250	dropshippers_mixed	true	true	true	partial	1	52	reject		margin_ratio_missing	margin_ratio_missing	Eclairage mobile puissant pour travaux, garage et renovation. Signal Amazon Bricolage; prix marche 200-350 EUR. Source: https://www.amazon.fr/gp/movers-and-shakers/hi
Station meteo WiFi pro avec anemometre et pluviometre	amazon_movers	garden_weather	260	dropshippers_mixed	true	true	true	partial	1	52	reject		margin_ratio_missing	margin_ratio_missing	Suivi meteo local pour jardin, potager et maison. Signal Amazon Jardin/Maison; prix marche stations WiFi completes 200-350 EUR. Source: https://www.amazon.fr/gp/movers-and-shakers/lawn-garden
Banquette cuir capitonnee Art Deco	pinterest_trends	home_furniture	920	semi_brands	true	true	true	yes	1	51	reject		margin_ratio_missing	margin_ratio_missing	Assise statement pour entree, salon ou restaurant boutique. Pinterest Neo Deco: leather banquette +35%. Prix marche banquettes cuir/design 700-1400 EUR. Source: https://newsroom.pinterest.com/en-gb/news/pinterest-predicts-nonconformity-self-preservation-and-escapism-drive-21-trends-for-2026/
Planche d'equilibre surf indoor bois premium	flippa	sports_training	220	dropshippers_mixed	true	true	true	partial	1	51	reject		margin_ratio_missing	margin_ratio_missing	S'entrainer surf/snow chez soi avec objet deco sportif. Flippa sports/outdoor eCommerce signale 990k$ revenue; prix marche balance boards premium 180-350 EUR. Source: https://flippa.com/buy/categories/sports-and-outdoor
Cache climatisation exterieure aluminium design	cdiscount	home_exterior	260	dropshippers_mixed	true	true	true	partial	1	49	reject		margin_ratio_missing	margin_ratio_missing	Cacher l'unite exterieure tout en gardant la ventilation. Signal Cdiscount maison/jardin; prix marche caches clim 200-400 EUR. Source: https://www.cdiscount.com/jardin/
Deshydrateur alimentaire inox 10 a 12 plateaux	vevor	commercial_kitchen_equipment	360	dropshippers_mixed	true	true	true	partial	1	49	reject		margin_ratio_missing	margin_ratio_missing	Sechage maison/pro pour fruits, viande et friandises animaux. Signal VEVOR dehydrateur 10/12 plateaux; prix marche 250-500 EUR. Sources: https://www.vevor.fr/deshydrateur-alimentaire-commercial-c_10678/vevor-deshydrateur-alimentaire-sechoir-electrique-1000-w-10-plateaux-pour-fruits-p_010614084859 | https://www.vevor.fr/deshydrateur-alimentaire-commercial-c_10678/vevor-deshydrateur-alimentaire-rotatif-electrique-800-w-12-plateaux-pour-fruits-p_010363063612
Machine a denuder electrique cables cuivre 1,5-32 mm	vevor	recycling_equipment	390	few_or_none	true	true	true	yes	1	49	reject		margin_ratio_missing	margin_ratio_missing	Rentabiliser le recyclage cuivre en atelier. VEVOR best-seller a 269,90 EUR; marche FR 300-600 EUR. Source: https://www.vevor.fr/best-sellers?page=4
Motorisation portail coulissant solaire 600 kg	cdiscount	home_security_access	360	dropshippers_mixed	true	true	true	partial	1	49	reject		margin_ratio_missing	margin_ratio_missing	Automatiser un portail sans tirer une ligne electrique. Signal Cdiscount bricolage motorisation; prix marche kits solaires 300-600 EUR. Source: https://www.cdiscount.com/bricolage/motorisation/
Store banne motorise demi-coffre 4 x 3 m	cdiscount	garden_shade	842	dropshippers_mixed	true	true	true	partial	1	49	reject		margin_ratio_missing	margin_ratio_missing	Creer une terrasse ombragee sans pergola lourde. Cdiscount affiche variantes motorisees 842,50 EUR et coffre integral 1431,55 EUR. Source: https://www.cdiscount.com/jardin/r-store%2Bbanne%2Bmanuel%2Bavec%2Bcoffre%2B4m.html
Table d'examen veterinaire electrique compacte	europages	pet_professional_equipment	1250	few_or_none	true	false	true	yes	1	49	reject		margin_ratio_missing	margin_ratio_missing	Equiper toiletteurs/veterinaires independants avec un achat direct. Signal Europages equipement pro/sante animale; prix marche tables electriques 900-1800 EUR. Source: https://www.europages.fr/entreprises/equipements.html
Detecteur radon connecte domestique longue duree	amazon_movers	home_safety	210	few_or_none	true	true	true	yes	1	48	reject		margin_ratio_missing	margin_ratio_missing	Mesurer un risque invisible dans les maisons anciennes. Signal Amazon Maison/Bricolage; prix marche detecteurs radon connectes 180-300 EUR. Source: https://www.amazon.fr/gp/movers-and-shakers/hi
Porte d'entree aluminium triple vitrage sur mesure	europages	home_renovation	1500	semi_brands	true	true	true	yes	1	48	reject		margin_ratio_missing	margin_ratio_missing	Renover l'entree pour isolation, securite et valeur maison. Signal Europages EURADIF/RS Concept; prix marche 1200-2000 EUR hors pose. Sources: https://www.europages.fr/entreprises/france/lille%20et%20nord-pas-de-calais/agencement-sur-mesure-en-bois.html | https://www.europages.fr/entreprises/anthracite.html
Fauteuil oeuf suspendu double en osier synthetique	bigbuy	garden_seating	520	semi_brands	true	true	true	partial	1	46	reject		margin_ratio_missing	margin_ratio_missing	Coin lecture/terrasse cocon sans meuble de jardin banal. Signal BigBuy Garden via Bixoto/Carrefour; prix marche observe 400-650 EUR. Sources: https://bixoto.com/fr/p/bigbuy-garden-fauteuil-de-jardin-suspendu-osier-marron-95-x-195-cm-s7912290 | https://www.carrefour.fr/p/fauteuil-de-jardin-suspendu-dido-noir-81-x-64-x-111-5-cm-8424346273614
Robot lave-vitre avec pulverisation 4 directions	cdiscount	home_cleaning	199	dropshippers_mixed	true	true	true	partial	1	45	reject		margin_ratio_missing	margin_ratio_missing	Nettoyer baies vitrees et veranda sans monter sur escabeau. Cdiscount LIECTROUX S11 compare a 199 EUR, vendu 119 EUR. Sources: https://www.cdiscount.com/maison/r-materiel%2Bde%2Bnettoyage.html | https://www.cdiscount.com/maison/r-vitre%2Bplexiglass.html
Salon de jardin aluminium et corde 6 places DKD	bigbuy	garden_furniture	1310	semi_brands	true	true	true	partial	1	44	reject		margin_ratio_missing	margin_ratio_missing	Salon exterieur premium style hotel pour terrasse familiale. Signal BigBuy/DKD Home Decor; prix marche observe 1200-1600 EUR. Source: https://bigbuy-home-and-decor.myshopify.com/collections/garden-and-terrace/products/table-set-with-chairs-dkd-home-decor-beige-78-cm-163-x-95-x-6-cm
Hamac suspendu XL avec barre et support premium	bigbuy	garden_relaxation	190	dropshippers_mixed	true	true	true	commodity	1	41	reject		margin_ratio_missing	margin_ratio_missing	Detente balcon/jardin facile a installer. Signal BigBuy Outdoor/Cdiscount; prix marche observe 168-220 EUR. Source: https://www.cdiscount.com/jardin/mobilier-de-jardin/bigbuy-outdoor-hamac-suspendu/f-1631610-big1732950018897.html
Table de cuisine camping pliante aluminium avec rangement	amazon_movers	camping_furniture	220	dropshippers_mixed	true	true	true	partial	1	38	reject		margin_ratio_missing	margin_ratio_missing	Cuisine propre et organisee en camping familial. Signal Amazon Sports/Jardin estival; prix marche cuisines pliantes 180-300 EUR. Source: https://www.amazon.fr/gp/movers-and-shakers/lawn-garden
Ventilateur de plafond DC silencieux avec luminaire 132 cm	amazon_movers	home_cooling	180	dropshippers_mixed	true	true	true	partial	1	38	reject		margin_ratio_missing	margin_ratio_missing	Rafraichir une chambre sans clim ni bruit. Signal Amazon top ventes/canicule; prix marche premium 150-260 EUR. Sources: https://www.bfmtv.com/pratique/maison/au-top-des-ventes-amazon-ce-ventilateur-de-plafond-avec-lumiere-marque-un-tournant-en-cette-periode-de-canicule_AB-202606250018.html | https://www.amazon.fr/ventilateur-plafond/s?k=ventilateur+plafond
Sac de couchage quilt ultralight duvet 0 C	flippa	outdoor_gear	320	semi_brands	true	true	true	partial	1	37	reject		margin_ratio_missing	margin_ratio_missing	Materiel bivouac leger pour randonneurs qui veulent dormir chaud. Flippa inventory holding premium outdoor gear 800k$+ lifetime revenue; prix marche quilts duvet 250-500 EUR. Source: https://flippa.com/buy/sitetype/inventory-holding
