row	product	keyword	shopping_competitors	search_competitors	has_institutional	institutionals	non_institutionals	avg_price	price_range
5	Lit baldaquin adulte metal forge 160x200	lit baldaquin	VoilOra (89.90 EUR) ; Beliani FR (480 EUR) ; Ciel de Lin (193.90 EUR) ; Loberon France (1698 EUR) ; Maisons du Monde (2199 EUR) ; Meuble House (1190 EUR) ; VoilOra (109.90 EUR) ; Kasa-Store.com (630 EUR) ; Maisons du Monde (629 EUR) ; Beliani FR (570 EUR) ; Maison Pavane (1009 EUR) ; Ciel de Lin (184.90 EUR) ; Jarditeck by Médicis (2449 EUR) ; Beliani FR (400 EUR)	Maisons du Monde (566.10 EUR) ; Beliani FR (480 EUR) ; Loberon France (1698 EUR) ; Ciel de Lin (184.90 EUR) ; westwing.fr (899 EUR) ; Beliani FR (350 EUR) ; Maisons du Monde (764.10 EUR) ; premiumxl FR (173 EUR) ; BUT ; IKEA ; meubles.fr ; le-monde-du-lit.fr ; meubledestyle.fr ; emma.fr	OUI	Maisons du Monde ; Kaufland.fr ; ManoMano.fr ; Castorama ; Conforama ; La Redoute ; BUT ; IKEA	VoilOra ; Beliani FR ; Ciel de Lin ; Loberon France ; Meuble House ; Kasa-Store.com ; Maison Pavane ; Jarditeck by Médicis ; westwing.fr ; premiumxl FR ; Get Laid Beds FR ; Tectona ; home24.fr ; Pamono.fr	661 EUR	173 EUR - 1869.15 EUR
6	Fauteuil suspendu cocon oeuf en rotin naturel	fauteuil suspendu	Kave Home (250 EUR) ; Miliboo.com (406 EUR) ; Pierimport (226.85 EUR) ; Kave Home (459 EUR) ; lasiesta.com (109.90 EUR) ; ToyAcademy.fr (239 EUR) ; Kave Home (589 EUR) ; Hespéride (149 EUR) ; Eminza (399 EUR) ; Vente-unique.com (220 EUR) ; Maisons du Monde (359 EUR) ; Nature & Découvertes (299 EUR) ; Pierimport (324.35 EUR) ; ManoMano.fr (125.99 EUR)	lasiesta.com (449 EUR) ; Miliboo.com (406 EUR) ; Loberon France (698 EUR) ; Kave Home (529 EUR) ; RoyalHomeDesign (679 EUR) ; Lazena (289.90 EUR) ; Eminza (399 EUR) ; Hespéride (499 EUR) ; hesperide.com ; Leroy Merlin ; beliani.fr ; jardiland.com ; action.com	OUI	Maisons du Monde ; Nature & Découvertes ; ManoMano.fr ; Jardiland ; La Redoute ; Leroy Merlin ; jardiland.com	Kave Home ; Miliboo.com ; Pierimport ; lasiesta.com ; ToyAcademy.fr ; Hespéride ; Eminza ; Vente-unique.com ; sweeek ; Loberon France ; Beliani FR ; Uniqka Design ; Homary.com ; Aosom.fr	370.03 EUR	109.90 EUR - 698 EUR
7	Robot nettoyeur de piscine electrique sur fil	robot piscine	Beatbot France (1049 EUR) ; Beatbot France (578 EUR) ; ecovacs.com/fr (549 EUR) ; AliExpress (11 EUR) ; Beatbot France (1799 EUR) ; ManoMano.fr (300 EUR) ; Beatbot France (1099 EUR) ; compagnonsducoeur (359 EUR) ; Piscineo (399 EUR) ; Piscine Zyke (466 EUR) ; Cdiscount (299 EUR) ; Distripool (10 EUR) ; Bricoandpool (109 EUR) ; Maytronics France (1799 EUR)	Piscineo (469 EUR) ; Piscine Zyke (466 EUR) ; Beatbot France (578 EUR) ; Bricoandpool (345 EUR) ; Piscineo (399 EUR) ; Distripool (645 EUR) ; Piscine Zyke (683 EUR) ; Beatbot France (1049 EUR) ; fr.beatbot.com ; piscineo.com ; piscine-center.net ; cash-piscines.com ; robotpiscine.com ; mypiscine.com	OUI	AliExpress ; ManoMano.fr ; Cdiscount ; Darty ; AliExpress - AliExpress-2681210425 ; Amazon.fr ; Fnac ; Castorama ; AliExpress - AliExpress-6135359962 ; AliExpress - AliExpress-6632094767 ; Leroy Merlin	Beatbot France ; ecovacs.com/fr ; compagnonsducoeur ; Piscineo ; Piscine Zyke ; Distripool ; Bricoandpool ; Maytronics France ; Mypiscine.com ; Aiper ; Piscine Discount ; Mammotion FR ; joybuy.fr ; eRobot-Piscine.fr	529.10 EUR	109 EUR - 1199 EUR
8	Auvent marquise aluminium polycarbonate 6 m	marquise de porte	Agrifournitures.fr (1498.81 EUR) ; Agrifournitures.fr (947.28 EUR) ; Canopia FR (369 EUR) ; Dancovershop.fr (273.93 EUR) ; MonAménagementMaison (326.76 EUR) ; Fenetre24 (238.85 EUR) ; Lapeyre.fr (186.05 EUR) ; Leroy Merlin (449 EUR) ; Castorama (379.90 EUR) ; Canopia FR (151 EUR) ; vevor.fr (91.90 EUR) ; Agrifournitures.fr (1353.67 EUR) ; Canopia FR (285 EUR) ; Fenetre24 (229.49 EUR)	Dancovershop.fr (273.93 EUR) ; Agrifournitures.fr (1498.81 EUR) ; Fenetre24 (238.85 EUR) ; Loberon France (198 EUR) ; www.priximbattable.net (151.98 EUR) ; Dancovershop.fr (416.76 EUR) ; Dancovershop.fr (586.03 EUR) ; Dancovershop.fr (1172.20 EUR) ; Leroy Merlin ; auvent-marquise-france.fr ; neo10.com ; mon-abri-de-jardin.com ; lapeyre.fr ; pointp.fr	OUI	Leroy Merlin ; Castorama ; Amazon.fr ; ManoMano.fr	Agrifournitures.fr ; Canopia FR ; Dancovershop.fr ; MonAménagementMaison ; Fenetre24 ; Lapeyre.fr ; vevor.fr ; McCover.com ; Vounot ; Loberon France ; Vente-unique.com ; www.priximbattable.net ; Woodup ; tectake.fr	416.83 EUR	150.36 EUR - 1498.81 EUR
9	Recuperateur eau de pluie mural design 800 L	récupérateur eau de pluie	KRÖMM (179 EUR) ; Agrifournitures.fr (335.88 EUR) ; C&J France Diffusion (175 EUR) ; Jardideco.fr (413.10 EUR) ; Leroy Merlin (50 EUR) ; Castorama (43.90 EUR) ; Carrefour (79.99 EUR) ; Brico Dépôt (85.90 EUR) ; Jardideco.fr (409.50 EUR) ; Cover Green (475 EUR) ; C&J France Diffusion (179 EUR) ; Leroy Merlin (199 EUR) ; Castorama (179.90 EUR) ; E.Leclerc (159 EUR)	Manutan.fr (762 EUR) ; C&J France Diffusion (269 EUR) ; Cover Green (475 EUR) ; KRÖMM (179 EUR) ; Cuve-shop.fr (1845.60 EUR) ; Cuve-shop.fr (1523.40 EUR) ; Cuve-shop.fr (2130.12 EUR) ; Achatmat (3996 EUR) ; Leroy Merlin ; containers-service.eu ; product-selection.grundfos.com ; aluhome.fr ; multicuves.com ; boutique-eda.com	OUI	Leroy Merlin ; Castorama ; Carrefour ; Brico Dépôt ; E.Leclerc ; ManoMano.fr ; Amazon.fr ; Truffaut	KRÖMM ; Agrifournitures.fr ; C&J France Diffusion ; Jardideco.fr ; Cover Green ; Camif ; Mon Marché Déco ; Permacool ; L' Entrepôt du Bricolage ; vevor.fr ; Atout Loisir ; OOGarden.com ; Manutan.fr ; Cuve-shop.fr	451.06 EUR	150 EUR - 1523.40 EUR
10	Fauteuil de massage Shiatsu 4D electrique	fauteuil de massage	Quirumed Fournitures Médicales (1565 EUR) ; Quirumed Fournitures Médicales (1509.95 EUR) ; Quirumed Fournitures Médicales (2119.99 EUR) ; Quirumed Fournitures Médicales (1800 EUR) ; Salonplus.fr (889 EUR) ; Quirumed Fournitures Médicales (1235 EUR) ; Quirumed Fournitures Médicales (624.95 EUR) ; Quirumed Fournitures Médicales (684.95 EUR) ; Quirumed Fournitures Médicales (2099.99 EUR) ; Quirumed Fournitures Médicales (1275 EUR) ; Quirumed Fournitures Médicales (1749.95 EUR) ; Quirumed Fournitures Médicales (2049.95 EUR) ; vevor.fr (1060.90 EUR) ; ZenGrowth.fr (379 EUR)	Global Relax (9499.99 EUR) ; Lunzofrance.fr (5354.54 EUR) ; bstore.eu (741.46 EUR) ; Burolia (713.44 EUR) ; Detentation (3499 EUR) ; Global Relax (12999.99 EUR) ; Global Relax (4999.99 EUR) ; Global Relax (6499.99 EUR) ; nostresspro.com ; komoder.fr ; dcore-japan.com ; detentation.com ; sante-forme.com ; fauteuil-massant-bien-etre.com	OUI	Kaufland.fr	Quirumed Fournitures Médicales ; Salonplus.fr ; vevor.fr ; ZenGrowth.fr ; Global Relax ; Fitshop.fr ; Gorilla Sports France ; Aosom.fr ; Juskys Frankreich ; Lunzofrance.fr ; Vente-unique.com ; bstore.eu ; Burolia ; Detentation	1187.31 EUR	241 EUR - 2119.99 EUR
11	Fauteuil accent rattan Afrohemian	fauteuil en rotin	Tikamoon (129 EUR) ; Sklum (62.95 EUR) ; GGM Möbel (466.86 EUR) ; tectake.fr (749.90 EUR) ; Becquet (249.90 EUR) ; Sklum (64.95 EUR) ; mobilierhotellerie.com (42.10 EUR) ; Uniqka Design (221.40 EUR) ; Retif (146.68 EUR) ; Made in Meubles (95 EUR) ; Berah Getah (329 EUR) ; Vannerie Hollande (146.50 EUR) ; Sklum (589.95 EUR) ; BOS Équipement (82.80 EUR)	Loberon France (398 EUR) ; Berah Getah (279.65 EUR) ; Themasie.com (239.95 EUR) ; jardindechloe.com (1299 EUR) ; Nisbets.fr (239.98 EUR) ; Miliboo.com (406 EUR) ; jardindechloe.com (3799 EUR) ; jardindechloe.com (549 EUR) ; brindouest.com ; kokmaison.com ; IKEA ; meubles-rotin-pacific.fr ; lavanneriedaujourdhui.fr ; idealo.fr	OUI	La Redoute ; Maisons du Monde ; IKEA	Tikamoon ; Sklum ; GGM Möbel ; tectake.fr ; Becquet ; mobilierhotellerie.com ; Uniqka Design ; Retif ; Made in Meubles ; Berah Getah ; Vannerie Hollande ; BOS Équipement ; Zago Store ; Pierimport	386.89 EUR	129 EUR - 1299 EUR
12	Tapis de course pliable motorise 3CV	tapis de course pliable	HomeFitnessCode-FR (119.99 EUR) ; WalkingPad FR (849 EUR) ; Atletica (1249 EUR) ; HomeFitnessCode-FR (220 EUR) ; FitnessBoutique FR (849 EUR) ; HomeFitnessCode-FR (109.99 EUR) ; Trex Sport FR (807.49 EUR) ; hop-sport.fr (1120 EUR) ; HomeFitnessCode-FR (190 EUR) ; WalkingPad FR (800 EUR) ; SportsHero FR (399 EUR) ; AliExpress (11 EUR) ; Sportconic (329 EUR) ; Merach FR (900 EUR)	jedco-france.com (140 EUR) ; Trex Sport FR (726.74 EUR) ; Atletica (949 EUR) ; Vytora (399 EUR) ; ihoverboard.fr (125.99 EUR) ; urbanowheels (170 EUR) ; Renewfit (3174 EUR) ; Atletica (1079 EUR) ; akoara.com ; Decathlon ; carefitness.com ; Amazon.fr ; flexispot.fr ; fr.walkingpad.com	OUI	AliExpress ; Amazon.fr ; Decathlon ; Conforama ; Cdiscount	HomeFitnessCode-FR ; WalkingPad FR ; Atletica ; FitnessBoutique FR ; Trex Sport FR ; hop-sport.fr ; SportsHero FR ; Sportconic ; Merach FR ; sports-tech.fr ; Powergym ; Joroto Europe ; Care Fitness FR ; Umayfitness EU	615.56 EUR	140 EUR - 1749 EUR
13	Table de cuisine camping pliante aluminium avec rangement	table de camping	MobEventPro (34.90 EUR) ; Akord Meubles (44 EUR) ; AliExpress (21.47 EUR) ; Aktive FR (29.95 EUR) ; Bernard Pro (245.94 EUR) ; FAP Collectivités (59.58 EUR) ; Castorama (49.90 EUR) ; SkyLantern (28.95 EUR) ; Interouge (47.20 EUR) ; MobEventPro (99 EUR) ; Aosom.fr (47.90 EUR) ; deubaxxl.fr (69.99 EUR) ; Dometic (149 EUR) ; Amazon.fr (29.16 EUR)	Decathlon ; berger-camping.fr ; gifi.fr ; trigano-camping.com ; grandsommet.com ; deubaxxl.fr ; action.com ; lejournaldelamaison.fr	OUI	AliExpress ; Castorama ; Amazon.fr ; Decathlon.fr ; Leroy Merlin ; Decathlon ; gifi.fr	MobEventPro ; Akord Meubles ; Aktive FR ; Bernard Pro ; FAP Collectivités ; SkyLantern ; Interouge ; Aosom.fr ; deubaxxl.fr ; Dometic ; tectake.fr ; Table Polyethylene ; Obelink.fr ; BOXIO	99.88 EUR	56.90 EUR - 245.94 EUR
14	Panneaux acoustiques tasseaux bois pour mur complet	panneau acoustique bois	Aku Woodpanel FR (120.95 EUR) ; Nimara.fr (29.90 EUR) ; Cazoov (49.90 EUR) ; Aku Woodpanel FR (112.95 EUR) ; HelloWallsFR (159.95 EUR) ; But (40 EUR) ; Leroy Merlin (29.90 EUR) ; bymydeco (75 EUR) ; Nimara.fr (24.90 EUR) ; Aku Woodpanel FR (97.95 EUR) ; Walleu (74.90 EUR) ; Aku Woodpanel FR (71.95 EUR) ; Silent Wood Acoustic Panels (35 EUR) ; Castorama (99.90 EUR)	Silamp (190 EUR) ; Floor Family (89 EUR) ; Cazoov (49.90 EUR) ; WallRibbon France (164.25 EUR) ; greenweez.com (64 EUR) ; juglana.com (35 EUR) ; Silamp (170 EUR) ; Aku Woodpanel FR (120.95 EUR) ; bymydeco.fr ; Leroy Merlin ; correction-acoustique.fr ; woodupp.fr ; woodvibe.fr ; planeo.fr	OUI	But ; Leroy Merlin ; Castorama	Aku Woodpanel FR ; Nimara.fr ; Cazoov ; HelloWallsFR ; bymydeco ; Walleu ; Silent Wood Acoustic Panels ; Floor Family ; MPDiscount ; ProduceShop ; juglana.com ; Silamp ; sarmis ; WallRibbon France	162.78 EUR	89 EUR - 380 EUR
15	Barbecue Kamado ceramique 47cm avec accessoires	barbecue kamado	Big Green Egg France (2195 EUR) ; E.Leclerc (299 EUR) ; Leroy Merlin (699 EUR) ; Kokko (399 EUR) ; Big Green Egg France (1595 EUR) ; Passion Barbecue (929 EUR) ; Kokko (1699 EUR) ; Castorama (599.90 EUR) ; Raviday Barbecue (2079.01 EUR) ; Ibernest FR (598 EUR) ; Carrefour (500 EUR) ; Passion Barbecue (799 EUR) ; vevor.fr (879.90 EUR) ; Big Green Egg France (2690 EUR)	Big Green Egg France (2195 EUR) ; Maxima (1512 EUR) ; AliExpress - AliExpress-6004644094 (11 EUR) ; norliva.fr (679 EUR) ; Kamado BBQ (999 EUR) ; Big Green Egg France (2690 EUR) ; Big Green Egg France (3790 EUR) ; Marcel - Louis Tellier (895 EUR) ; kokko.net ; barbecue-co.com ; esprit-barbecue.fr ; international.kamadojoe.com ; raviday-barbecue.com ; lerepaireduchef.fr	OUI	E.Leclerc ; Leroy Merlin ; Castorama ; Carrefour ; Mr Bricolage.fr ; Amazon.fr ; AliExpress - AliExpress-6004644094	Big Green Egg France ; Kokko ; Passion Barbecue ; Raviday Barbecue ; Ibernest FR ; vevor.fr ; klarstein.fr ; Create ; SharkNinja France ; hofats.com ; Albero Shop ; Maxima ; Barbecook FR ; Cookinglife.fr	840.27 EUR	160 EUR - 1995 EUR
16	Spa gonflable jacuzzi 4-6 places rond	spa gonflable	Bestway fr (329 EUR) ; Bricorama (330 EUR) ; Castorama (399 EUR) ; Bestway fr (896.04 EUR) ; Habitat et jardin (299 EUR) ; Beneoshop France (409 EUR) ; Bricorama (374 EUR) ; Castorama (349.90 EUR) ; Leroy Merlin (649 EUR) ; OK Jardin (1447 EUR) ; Bestway fr (999 EUR) ; Raviday Piscine (240 EUR) ; Bricomarché (330 EUR) ; Azialo (699 EUR)	Beneoshop France (429 EUR) ; Bestway fr (789 EUR) ; Raviday Piscine (1399 EUR) ; AliExpress - AliExpress-6004351401 (11 EUR) ; kinedo.com (7866.72 EUR) ; Beneoshop France (409 EUR) ; Bestway fr (329 EUR) ; Hespéride (4990 EUR) ; jardi-nova.com ; cash-piscines.com ; piscinecrystal.com ; spa-select.com ; cocospa.fr ; bestwaystore.fr	OUI	Bricorama ; Castorama ; Leroy Merlin ; Bricomarché ; Mr Bricolage.fr ; ManoMano.fr ; Amazon.fr ; AliExpress - AliExpress-6004351401 ; AliExpress - AliExpress-6004757132 ; AliExpress - AliExpress-6004617612 ; Cdiscount	Bestway fr ; Habitat et jardin ; Beneoshop France ; OK Jardin ; Raviday Piscine ; Azialo ; Mypiscine.com ; EXIT Toys FR ; Herode Et Bo ; Ma Maison Privée SAS ; sweeek ; OOGarden.com ; Cash Piscines ; arebos.fr	596.54 EUR	119 EUR - 1447 EUR
17	Trottinette electrique adulte 50km autonomie pro	trottinette électrique adulte	isinwheel.fr (899 EUR) ; isinwheel.fr (169 EUR) ; Weebot (449 EUR) ; isinwheel.fr (399 EUR) ; ihoverboard.fr (400 EUR) ; Darty (680 EUR) ; Giftcampaign.fr (44126.40 EUR) ; Weebot (1090 EUR) ; Banggood.com (1099 EUR) ; Darty (280 EUR) ; AliExpress (11 EUR) ; Viron Motors France (1235 EUR) ; navee fr (749 EUR) ; Weebot (2890 EUR)	Giftcampaign.fr (44126.40 EUR) ; AliExpress - AliExpress-6007537909 (144.67 EUR) ; iScooter.fr (420 EUR) ; Weebot (599 EUR) ; Geekbuying.com (899 EUR) ; greenweez.com (250 EUR) ; iScooter.fr (189 EUR) ; Decathlon ; Boulanger ; wee-bot.com ; mobilityurban.fr ; electrodepot.fr ; zosh.fr ; urbanglide.com	OUI	Darty ; AliExpress ; Amazon.fr ; AliExpress - AliExpress-6007537909 ; Decathlon ; Boulanger ; Conforama	isinwheel.fr ; Weebot ; ihoverboard.fr ; Giftcampaign.fr ; Banggood.com ; Viron Motors France ; navee fr ; iScooter ; Geekbuying.com ; iScooter.fr ; greenweez.com ; wee-bot.com ; mobilityurban.fr ; electrodepot.fr	574.80 EUR	189 EUR - 1599 EUR
18	Paddle gonflable pack complet 320cm	paddle gonflable	Nautigames (189 EUR) ; AliExpress (11 EUR) ; SUP-Factory (139 EUR) ; Banggood.com (130.24 EUR) ; Juskys Frankreich (145 EUR) ; AliExpress - AliExpress-6004802651 (11 EUR) ; AliExpress - AliExpress-6522410348 (11 EUR) ; AliExpress - AliExpress-252670474 (72.99 EUR) ; Mint Lama (330.65 EUR) ; Nautigames (199 EUR) ; Jobe (1750 EUR) ; tectake.fr (189.90 EUR) ; Source Boardshop (199 EUR) ; berger-camping.fr (129 EUR)	AliExpress (11 EUR) ; Nautigames (199 EUR) ; Bestway fr (349.95 EUR) ; INTEX (199 EUR) ; gong-galaxy.com (199 EUR) ; Euroskateshop.fr (1204.95 EUR) ; eu.boteboard.com (690.95 EUR) ; gong-galaxy.com (459 EUR) ; Decathlon ; huiike.com ; univmer.com ; paddlegonflable.fr ; redwoodpaddle.com ; nootica.fr	OUI	AliExpress ; AliExpress - AliExpress-6004802651 ; AliExpress - AliExpress-6522410348 ; AliExpress - AliExpress-252670474 ; Castorama ; AliExpress - AliExpress-2679723492 ; Amazon.fr ; AliExpress - AliExpress-6347824738 ; Decathlon.fr ; AliExpress - AliExpress-6005045132 ; AliExpress - AliExpress-7256048040 ; AliExpress - AliExpress-6327623633	Nautigames ; SUP-Factory ; Banggood.com ; Juskys Frankreich ; Mint Lama ; Jobe ; tectake.fr ; Source Boardshop ; berger-camping.fr ; Nootica.fr ; vevor.fr ; Cabesto ; Bestway fr ; INTEX	252.25 EUR	119 EUR - 1204.95 EUR
19	Robot lave-vitre avec pulverisation 4 directions	robot lave vitre	V3clean (189 EUR) ; EDC - Aspiration Centralisée (690 EUR) ; Delcourt.fr (862.80 EUR) ; eu.havalab.com (180 EUR) ; EDC - Aspiration Centralisée (590 EUR) ; Delcourt.fr (646.80 EUR) ; Kiméo France (99.90 EUR) ; EDC - Aspiration Centralisée (470 EUR) ; shopibest (240 EUR) ; EDC - Aspiration Centralisée (429 EUR) ; Expertchoix5 FR (179 EUR) ; Boulanger (350 EUR) ; Darty (157.27 EUR) ; AliExpress (53.73 EUR)	kaercher.com ; ecovacs.com ; Boulanger ; aspi-france.fr ; avisconso.eu ; maniaques.fr ; Amazon.fr ; lequipe.fr	OUI	Boulanger ; Darty ; AliExpress ; AliExpress - AliExpress_6003897797 ; AliExpress - AliExpress-7074097822 ; AliExpress - AliExpress-6002839213 ; AliExpress - AliExpress-7076584071 ; AliExpress - AliExpress-6602243416 ; AliExpress - AliExpress-6003873619 ; AliExpress - AliExpress-6427473560 ; AliExpress - AliExpress-6476313008 ; AliExpress - AliExpress-6985254519	V3clean ; EDC - Aspiration Centralisée ; Delcourt.fr ; eu.havalab.com ; Kiméo France ; shopibest ; Expertchoix5 FR ; joybuy.fr ; ecovacs.com/fr ; RougeDeals ; Middo Paris ; Huipromo ; La Femme Moderne ; Vitrova	204.91 EUR	52.02 EUR - 690 EUR
20	Deshydrateur alimentaire inox 10 a 12 plateaux	déshydrateur alimentaire	klarstein.fr (1276 EUR) ; klarstein.fr (370 EUR) ; vevor.fr (179.90 EUR) ; GGM Gastro (476 EUR) ; GGM Gastro FR (412.92 EUR) ; klarstein.fr (565 EUR) ; vevor.fr (99.90 EUR) ; GGM Gastro (168.97 EUR) ; klarstein.fr (2730.99 EUR) ; GGM Gastro (426 EUR) ; klarstein.fr (159 EUR) ; klarstein.fr (134 EUR) ; klarstein.fr (514 EUR) ; AliExpress (40.68 EUR)	FourniResto.com (405 EUR) ; greenweez.com (130 EUR) ; klarstein.fr (107.19 EUR) ; Alpagga (707.84 EUR) ; Lusini.com (406.55 EUR) ; FourniResto.com (149.39 EUR) ; greenweez.com (240 EUR) ; greenweez.com (359 EUR) ; nature-vitalite.com ; Amazon.fr ; Boulanger ; mathon.fr ; warmcook.com ; politec-france.com	OUI	AliExpress ; Amazon.fr ; Boulanger	klarstein.fr ; vevor.fr ; GGM Gastro ; GGM Gastro FR ; materiel-chr-pro.com ; Cncest ; libielektro.cz ; Mathon.fr ; metro.fr ; FourniResto.com ; Lusini.com ; conserva plus ; Quiditmieux.Fr ; greenweez.com	335.30 EUR	90.90 EUR - 1253 EUR
21	Trampoline 366cm avec filet de securite et echelle	trampoline	France Trampoline (1139.90 EUR) ; Carrefour (89.99 EUR) ; France Trampoline (464.90 EUR) ; Vuly Play EU (699 EUR) ; songmics.fr (219 EUR) ; Juskys Frankreich (160 EUR) ; France Trampoline (339.90 EUR) ; tectake.fr (169.90 EUR) ; FlyJump (199.93 EUR) ; Cornilleau (318 EUR) ; France Trampoline (649.90 EUR) ; France Trampoline (398.90 EUR) ; EXIT Toys FR (299 EUR) ; Acon24.com (799 EUR)	Decathlon ; france-trampoline.com ; kangui.com ; topsportcn.com ; springfreetrampoline.fr ; trampolinepark.fr ; sweeek.fr	OUI	Carrefour ; ManoMano.fr ; Cdiscount ; Kaufland.fr ; E.Leclerc ; Leroy Merlin ; Decathlon.fr ; Nature & Découvertes ; Decathlon	France Trampoline ; Vuly Play EU ; songmics.fr ; Juskys Frankreich ; tectake.fr ; FlyJump ; Cornilleau ; EXIT Toys FR ; Acon24.com ; Altimax ; sweeek ; deubaxxl.fr ; Habitat et jardin ; france-trampoline.com	467.95 EUR	89.99 EUR - 1139.90 EUR
22	Cage de musculation Smith Machine professionnelle	smith machine	Atletica (759 EUR) ; FitnessBoutique FR (999 EUR) ; hop-sport.fr (830 EUR) ; Powergym (599 EUR) ; Powertec Europe (1349 EUR) ; Atletica (2999 EUR) ; Apuls.fr (1108.16 EUR) ; Powertec Europe (1199 EUR) ; Atletica (1299 EUR) ; Fitshop.fr (1599 EUR) ; Atletica (1869 EUR) ; Atletica (1759 EUR) ; Atletica (1999 EUR) ; Atletica (2299 EUR)	Powertec Europe (1199 EUR) ; Atletica (2399 EUR) ; Training-Fit FR (3719.14 EUR) ; Normatech (1429 EUR) ; Powertec Europe (1349 EUR) ; Atletica (1869 EUR) ; Atletica (1299 EUR) ; powergym.fr ; titaniumstrength.fr ; Decathlon ; fitnessboutique.fr ; pallini-sport.fr ; rakk.fr	OUI	Decathlon	Atletica ; FitnessBoutique FR ; hop-sport.fr ; Powergym ; Powertec Europe ; Apuls.fr ; Fitshop.fr ; Marbosport ; Gorilla Sports France ; Helisports.fr ; Aosom.fr ; Titanium Strength FR ; vevor.fr ; GymCompany FR	1316.91 EUR	399 EUR - 2699 EUR
23	Escalier meunier gain de place bois et metal	escalier gain de place	Upstairs24 (859.95 EUR) ; TecroStar (1378.80 EUR) ; BENZ24.fr (1620.95 EUR) ; Escalier Direct (648 EUR) ; Upstairs24 (249.95 EUR) ; Echellesenbois.fr (579 EUR) ; Upstairs24 (1209.95 EUR) ; TecroStar (556.80 EUR) ; BENZ24.fr (1279.95 EUR) ; Lapeyre.fr (279 EUR) ; Leroy Merlin (774.90 EUR) ; Upstairs24 (659.95 EUR) ; Castorama (999.90 EUR) ; TecroStar (907.20 EUR)	Lescaliercontemporain (910 EUR) ; Upstairs24 (859.95 EUR) ; TecroStar (1378.80 EUR) ; Lescaliercontemporain (3196 EUR) ; Lescaliercontemporain (1290 EUR) ; upstairs24.fr ; escalier-direct.fr ; Leroy Merlin ; lapeyre.fr ; lescaliercontemporain.fr ; gimm.fr ; espacescontemporains.ch ; eestairs.fr	OUI	Leroy Merlin ; Castorama ; Brico Dépôt	Upstairs24 ; TecroStar ; BENZ24.fr ; Escalier Direct ; Echellesenbois.fr ; Lapeyre.fr ; vevor.fr ; MonAménagementMaison ; Genries ; Lescaliercontemporain ; upstairs24.fr ; escalier-direct.fr ; lescaliercontemporain.fr ; gimm.fr	901.26 EUR	249.95 EUR - 1849.95 EUR
24	Baignoire balneotherapie ilot autoportante	baignoire balnéo	Distribain.fr (1190 EUR) ; Thalassor (1996.80 EUR) ; Distribain.fr (1390 EUR) ; Distribain.fr (2390 EUR) ; Thalassor (1692 EUR) ; Sauna-hammam.fr (4400 EUR) ; Distribain.fr (1990 EUR) ; Thalassor (4048.20 EUR) ; Hydrostore fr (1149 EUR) ; Distribain.fr (1790 EUR) ; Homary.com (2000 EUR) ; Azura Home Design (744.22 EUR) ; Distribain.fr (2690 EUR) ; Distribain.fr (2290 EUR)	Sauna-hammam.fr (4400 EUR) ; Thalassor (2052 EUR) ; Beliani FR (1170 EUR) ; Bain et Confort - FR (3912 EUR) ; radar-mobilier.fr (1190 EUR) ; Bain et Confort - FR (4793 EUR) ; Bain et Confort - FR (4328 EUR) ; Bain et Confort - FR (10330 EUR) ; sauna-hammam.fr ; balneo.com ; espace-aubade.fr ; spalina.com ; thalassor.fr ; preti.fr	NON		Distribain.fr ; Thalassor ; Sauna-hammam.fr ; Hydrostore fr ; Homary.com ; Azura Home Design ; Hudson Reed ; Beliani FR ; Bain et Confort - FR ; radar-mobilier.fr ; balneo.com ; espace-aubade.fr ; spalina.com ; thalassor.fr	2072.80 EUR	522 EUR - 4048.20 EUR
25	Pergola alu autoportante bioclimatique 4x3m	pergola bioclimatique	pergolux.fr (6190 EUR) ; Hespéride (897 EUR) ; Azura Home Design (5602.80 EUR) ; sweeek (800 EUR) ; Sklum (3199.95 EUR) ; Dancovershop.fr (1235.24 EUR) ; Abrisud (5867 EUR) ; Carrefour (600 EUR) ; pergolux.fr (6590 EUR) ; Cazeboo.fr (999 EUR) ; sweeek (899 EUR) ; Leroy Merlin (1490 EUR) ; pergolux.fr (3590 EUR) ; Habitat et jardin (1299 EUR)	hesperide.com ; gustaverideau.com ; Leroy Merlin ; pergola-ombrea.com ; quelleenergie.fr ; akena.com ; franceabris.com ; laprimeenergie.fr	OUI	Carrefour ; Leroy Merlin ; Castorama ; ManoMano.fr	pergolux.fr ; Hespéride ; Azura Home Design ; sweeek ; Sklum ; Dancovershop.fr ; Abrisud ; Cazeboo.fr ; Habitat et jardin ; MonAmenagementJardin ; Pergola Ombréa ; Tous Chalets ; IDmarket ; Botanic	1578.55 EUR	600 EUR - 3199.95 EUR
26	Pompe a chaleur piscine 10kW silencieuse	pompe à chaleur piscine	By Piscine (1799 EUR) ; Ibernest FR (1888 EUR) ; By Piscine (1199 EUR) ; Azialo (269 EUR) ; Piscine Center Group (1299 EUR) ; Piscine Discount (869.50 EUR) ; Bricoandpool (910 EUR) ; Mypiscine.com (1599 EUR) ; By Piscine (1299 EUR) ; eRobot-Piscine.fr (699 EUR) ; Trotec FR (1505 EUR) ; Ibernest FR (1588 EUR) ; Azialo (299 EUR) ; ManoMano.fr (10 EUR)	Ibernest FR (1888 EUR) ; Piscineo (589 EUR) ; LeKingStore (1599 EUR) ; alsavo.com (1313 EUR) ; Piscines du monde (1499 EUR) ; Ibernest FR (1495 EUR) ; Ibernest FR (1588 EUR) ; Ibernest FR (2495 EUR) ; cash-piscines.com ; azialo.com ; mypiscine.com ; irripiscine.fr ; easypiscine.fr ; bypiscine.com	OUI	ManoMano.fr	By Piscine ; Ibernest FR ; Azialo ; Piscine Center Group ; Piscine Discount ; Bricoandpool ; Mypiscine.com ; eRobot-Piscine.fr ; Trotec FR ; OOGarden.com ; Piscineo ; PoolComet ; Piscineco.fr ; vevor.fr	1250.27 EUR	269 EUR - 2699 EUR
27	Garde-corps aluminium ou inox en kit pour terrasse	garde corps terrasse	SERP bloquée	SERP bloquée	SERP bloquée	SERP bloquée	SERP bloquée	SERP bloquée	SERP bloquée
28	Plaque vibrante compacteur thermique 15 kN	plaque vibrante	SERP bloquée	SERP bloquée	SERP bloquée	SERP bloquée	SERP bloquée	SERP bloquée	SERP bloquée
29	Porte de garage sectionnelle motorisee 254 x 218 cm	porte de garage sectionnelle	SERP bloquée	SERP bloquée	SERP bloquée	SERP bloquée	SERP bloquée	SERP bloquée	SERP bloquée
30	Lit coffre 160x200 avec rangement tete de lit velours	lit coffre 160x200	SERP bloquée	SERP bloquée	SERP bloquée	SERP bloquée	SERP bloquée	SERP bloquée	SERP bloquée
31	Presse hydraulique 20 tonnes atelier mecanique	presse hydraulique	SERP bloquée	SERP bloquée	SERP bloquée	SERP bloquée	SERP bloquée	SERP bloquée	SERP bloquée
32	Store banne motorise demi-coffre 4 x 3 m	store banne motorisé	SERP bloquée	SERP bloquée	SERP bloquée	SERP bloquée	SERP bloquée	SERP bloquée	SERP bloquée
33	Salon de jardin aluminium et corde 6 places DKD	salon de jardin aluminium	SERP bloquée	SERP bloquée	SERP bloquée	SERP bloquée	SERP bloquée	SERP bloquée	SERP bloquée
34	Spa de nage mural contre-courant acier inox	spa de nage	SERP bloquée	SERP bloquée	SERP bloquée	SERP bloquée	SERP bloquée	SERP bloquée	SERP bloquée
